x,y_observed
55.67303828429431,686.7494939747046
37.60916554601863,456.17868341288556
48.42168998438865,352.74868432811513
72.37918727565557,602.6298451180583
17.662237198092043,162.5894424303997
30.28929548105225,377.29805527796736
34.70774706918746,309.01326958912784
34.50745596084744,276.8373047274795
65.42463770369068,521.0167406748045
48.6704372940585,398.10744880954894
68.64901002962142,752.8203648155476
61.09639773145318,679.3404174192507
20.215808390639722,117.95728699372539
63.63327747443691,648.4015517965045
42.22449775086716,515.0348477749783
48.59284765087068,574.2939932803343
14.671298989560455,160.2223906962874
33.77599006984383,183.1616917875243
45.891165777575225,471.758972964879
85.25207290658727,805.2745251138166
87.8249103226699,841.9168676942751
65.38171751890332,617.2846850376814
79.75989067927003,730.8451985698383
42.00118222506717,448.7221281942797
46.52649748371914,701.3754074942656
73.59822225058451,966.2319854973093
85.44588987482712,741.8939125277196
31.563021808397025,296.14695320933214
79.36943799257278,908.9261036968215
42.03079699771479,623.6645059015706
58.2037333981134,630.1619598702315
18.377931658178568,196.12667398300354
25.282273734919727,205.2013541054273
90.98492057062685,1134.6482629405791
48.03738462738693,494.3502346546353
77.29718210408464,595.3570957022616
84.03873219853267,862.6898825255034
95.91882816981524,919.8237346003576
71.69000584399328,765.1547647592452
55.045290670823306,713.2282844682984
34.79354762472212,371.3713272003599
30.60135503532365,352.26493287627545
11.299051535315812,104.23466544791663
75.60681062750518,825.4305338001758
32.48924245592207,359.9005387929009
24.506494901143014,306.5797904943884
11.533838512841612,151.9999482098912
53.7490310636349,436.2902346591921
19.26101546967402,192.807527992752
82.13923041475937,1040.6311949627748
41.8895258451812,554.7770234281109
94.27892853273079,1064.1156292436392
32.12797530461103,290.75445983206043
52.58273152401671,619.1551212256142
27.240478408057243,289.235855430855
62.4899772903882,675.2376745511806
51.35258709080517,477.76216976882216
52.06906431587413,610.548335446156
45.98493000026792,340.76932357485515
55.475703661795706,434.27299134169346
12.869934036862105,151.86776599242097
20.302082921843976,266.4869843661012
52.204192832577974,781.8821061692785
45.72880638530478,461.09003553345667
85.02572746947408,825.6033276496249
78.50095690228045,1108.453598798806
61.602080401498824,816.1516573030253
50.27572413440794,389.24611406037377
17.54218072630465,278.2019798393459
29.722469258122146,352.22532592554535
16.8013262655586,213.47566044788613
58.09841059381142,702.2942576455598
67.72209190297872,800.1649873850772
57.316538577433676,563.7608062959563
13.535324924159795,134.40496770294132
59.12738557904959,636.2301522427078
43.54867875576019,425.2911307031593
96.51721730828285,888.6776449768375
33.1607412151061,343.087097253941
28.71565149864182,299.7103298074565
87.52441957592964,969.3938776991514
51.79527843836695,593.7969991425946
30.05806901026517,190.30378425693868
66.11946413759142,579.863097750944
28.32829305436462,285.8810201260103
11.77060722373426,119.60196718925961
81.81937053566799,819.6169368270328
34.68870070297271,363.55583485037687
24.99481936218217,273.26578596651825
25.313654637429863,291.22424723090984
53.96553430240601,682.9983368992117
74.02681695530191,792.4832028047225
63.274142930749804,584.6819707324615
56.544118917081505,645.9492199915601
44.34649172704667,389.2516325867615
85.1300496631302,1137.0228859375836
32.410724558867514,294.1335815060374
58.6540925106965,641.6507386222661
76.94554632529616,1104.8614585127875
12.701066955924034,110.88286358343883
40.9909154381603,347.2086533570643
15.519029777497053,204.64420306737583
43.208182798698545,303.37617767828704
46.6834204364568,581.6173247247964
92.29030798655003,1331.3090139033698
89.98347232118249,986.9049577109499
98.53589586215094,1232.0773953314533
52.94757508672774,648.7267306496458
72.41574100684375,828.8589871390569
48.317181607708335,687.6080569656358
80.57498795213178,992.1494521568853
85.842638858594,993.1401802778702
26.512493186164647,200.90813126838938
57.56856411229819,437.4126042801545
73.26527954079211,600.7503340627833
92.19454840989783,611.7195657734794
33.325652645435184,398.6902409769219
81.3362292968668,699.9015248410328
65.30225963331759,944.4853920401081
73.05584754794836,678.7154030239541
19.71399105619639,206.91714495979414
40.04792138701305,442.5465239377363
39.17184474179521,373.06989924359965
60.88831805391237,566.6234878789759
28.286037219222635,306.70339626427705
29.773405664600432,439.9146541224773
66.98037513298914,721.9035705840058
41.72684592893347,380.2185134065853
87.11859106319025,622.3223985104398
95.56494107469916,1045.0253819018228
89.9228359782137,814.2583919350205
14.217289914377034,142.2074143942279
79.2136462405324,917.8869177584347
30.720288038719445,283.00357102606705
38.36657059844583,282.42102606115225
35.44026273069903,289.83656769886375
74.18760861735791,650.5597577750934
87.59241250576451,778.5461319464616
19.569116858765483,279.69295950806065
59.52949801692739,587.9825480268015
68.35325629450381,606.1191760366821
31.13080291543156,295.7075482996297
16.866749324835837,190.2310626165649
93.07855383260176,729.8236002134105
23.249502331018448,245.5672266150459
84.015133746434,856.5364483039302
47.216655302327126,569.1457464151335
65.12685485649854,939.3557430839808
16.130845153238624,151.95702082903583
91.37189782690257,1151.133847608189
89.15888788644224,887.4202803019551
27.740518527571112,352.96998680100296
16.25137396622449,243.56942907542566
24.16056160349399,271.2324449051434
40.011110205668956,351.02596704688165
26.205559626687318,169.51393836254834
23.183441807050258,151.41687598230556
36.15178945707157,303.4803847457496
94.24619992496446,1178.235701776627
19.221442241687328,178.2168596433574
75.10166940744966,741.0592282509783
56.476134452968836,572.8162022955277
47.07095303572714,437.4391536466804
47.193875196389854,620.9659420924913
78.58399675227702,1136.7875783076925
33.32588926656172,143.20815795477134
78.68708022637293,518.0060587965982
98.41643322724849,922.3519822466869
70.31071281991899,765.7746023899688
63.09351031901315,485.2104863883529
60.67889561643824,674.4209729243595
78.56171239400283,989.3593345531577
77.07676604622975,689.3347830315545
73.70445359032601,857.9347199975816
98.81274197250605,1119.0832092199305
50.646781641989946,493.30629712013035
20.639566716272384,187.3005095897191
31.47717869374901,402.1751795869854
52.347048562951386,692.4500561229819
41.70907637802884,539.2960355921302
40.471772039309144,404.7056896689593
21.4571139565669,264.64884230594936
48.16664704820141,493.54466584509896
52.597975586541,623.3820338339838
57.49498066259548,549.9359765293601
66.42582483589649,666.3826329011024
88.84234824683517,1077.422458890833
71.12413329305127,525.252370232902
75.16576095949858,610.6942853344838
26.366295046173036,272.4353196854206
17.00699666980654,232.6810181667659
16.497766317334026,149.92206824269857
14.865633498411626,188.5895562933641
56.55460648005828,606.5622981706618
83.2646411866881,829.2603943812152
50.41435622377321,423.03952750516146
60.30053990194574,670.0672093417994
35.189209601376206,459.61175535922837
90.10846336605027,917.3464678946275
74.42643504356965,561.8593591744345
30.077955306041986,380.79907824102463
58.2305498723872,414.89045321503704
69.62761872448027,355.58484137799036
86.32634801324457,751.1066509576143
23.426479259505868,230.79771166448867
70.30894587282091,651.8773217089706
78.54721115669236,741.5763502690191
99.87710078479722,1000.9184935995788
33.69675459805876,406.74329643089436
89.66674285242334,842.1166271320343
74.20078172115609,643.829863771912
70.35598241025582,960.0513920560295
77.11206190520898,767.8513928596591
47.21344702411443,586.6048935201593
14.378824150189757,153.2367320034002
78.82163307396695,562.7823903455123
86.32581324782223,1339.5274380248459
57.894646381028,502.83461262762614
88.32972249016166,1081.4739790297447
21.13346526864916,219.9786563626927
19.02208468876779,179.6785290094161
71.82800451293588,451.6497754082263
88.34709572372958,1071.5489073631063
79.35869733802974,759.2675539345784
38.91481162747368,301.89487652569
30.646392258349806,392.98742025474263
43.84830302326009,431.6265694710326
82.34138790052384,983.6006562052951
84.00998333934695,487.46743367182245
44.94798895902932,575.4106895277835
57.76712125632912,538.2098519809097
51.025685239583254,494.23345769179116
86.57310753362253,1105.523501180402
29.576864724513143,355.3802957312675
79.38296759966761,571.2374734176149
34.807542762719095,315.1749433595007
90.58235310018063,935.0461642240138
57.127520793583244,370.58699659428453
84.62595148710534,582.676870868668
76.18958363076672,806.5890228888069
38.361550194676965,464.294103449972
59.348410749807954,564.1713119598076
62.23476531216875,792.5690687625527
14.863736589904875,160.3395848681655
53.860581999178976,311.1955783742701
73.8460636860691,671.2308951004442
20.43371698120609,258.5060921009556
90.62125799711794,872.1450321995146
76.02233737939969,631.9468670257156
76.06020606355742,638.5159817237685
26.21324250008911,317.71594540077376
88.7601428781636,776.8859306606853
63.84034141199663,670.5195646973125
29.594121198169887,296.5043546777019
22.95788678340614,276.0130081087042
83.51747039938346,1128.1904380218064
42.21420730929822,536.830663458219
49.66626306762919,509.58665673435473
20.234535133931786,279.41128135021034
84.85048433765769,1050.4745060542205
93.11756109353155,679.9974955049231
36.747718402184546,388.9990975393624
76.30979326087981,905.496735900227
47.26018242072314,479.4604250324118
12.063034956809133,153.64817775611795
45.13733070343733,563.3924062561254
32.29052838170901,358.3306722763265
52.0165518601425,569.3660584674933
39.04643772402778,380.8050497551966
89.03605974977836,990.1258431362068
24.65080185327679,190.94657478075476
99.58357634255663,982.2743983039918
72.08353060297668,639.5417355855928
30.48808803083375,356.20390705926616
78.94222039263695,752.3913080748487
99.18422287097201,1126.402188919151
77.29383984114975,1042.40311015918
75.65174114890397,403.3886695682416
84.71414360916242,628.4398680601344
12.338248586747795,163.04383031037906
14.22410819446668,189.04859959865476
99.60539357736707,994.182099160693
20.265927813015878,184.8924300608034
93.60134595772251,673.9257092594135
12.232757641468197,163.9890495759035
97.4358231225051,1213.56023792957
93.63888466730714,1108.2052815184231
59.99363699927926,334.3576953989158
68.07064565597102,501.22364427436435
88.8810441410169,652.4540971136275
87.10848072776571,694.1418466312585
97.13621704373509,798.4691464193758
73.195235140156,656.1039570128194
99.44130885414779,1210.2011533842947
58.65535859717056,650.3947716041679
50.38355815690011,393.5755631848466
91.85646887170151,1074.0449931832893
18.480631303973496,129.29968581031997
58.128179740160704,522.9553282350355
24.56536945188418,192.64989351480205
41.30740989930928,397.28715022332085
10.719334573950619,102.21253326068758
46.12104238476604,227.33620945673846
62.95156236970797,743.3885189160387
88.83786105783656,952.9119649143271
73.76883387798443,739.1253324834863
27.42348343366757,335.0543561129968
44.35889449203387,434.187086581419
27.375322338193655,338.1279226153991
83.52796328486875,523.975232162232
10.912867018487304,96.1523885518879
42.72481323685497,513.3322885381532
75.58133441954851,1301.101559295017
45.90687019517645,537.1495767775668
88.74363807262853,860.6128729577739
22.214472761843354,240.1392033973334
20.363303273916245,271.7240327547203
27.70561831537634,262.4997633148512
15.134801408275962,172.4627091369251
62.8680031769909,726.1698729733173
76.88578886678442,922.3951573135612
62.48141702031717,821.2448580341277
36.222631270065904,456.22826014942945
99.80217470088974,1053.2912064346967
72.8952047904022,550.0856480230782
33.29186561284587,338.73861659414365
31.793507989495993,391.0949778736084
44.27765103057027,363.69599206536634
39.73272557603195,347.6498980910276
96.78180220304057,1315.3961191416506
32.419152290094644,257.18954645157197
62.25836261175573,580.6638351880225
84.81305761029944,591.8480808750274
28.366069726180285,277.7488051810428
16.392571232281625,154.73568442348258
77.59631810477003,888.4398580573229
61.56105909496546,547.1186955460126
76.77174085751176,694.9541502921392
16.80603209650144,210.04288013618273
93.10239753918722,921.3645018314731
21.491701377090067,208.8382435614995
78.95517969503999,771.7228467762548
40.52807041211054,437.69137406349057
20.703746089711785,226.8234008794797
60.15014404198155,859.5214357353927
22.363066805992275,175.9312727659796
87.02989099780098,979.7200206835388
86.0995856183581,1178.4385735569663
35.56627102429047,380.809691038489
82.90752014378086,985.770465277291
90.93077988829464,755.2740797251015
97.92335899313912,978.5109903375119
63.12604019185528,469.96729707180765
68.59927724348381,739.5163490555572
44.08586799399927,573.9216576411833
52.976180363912135,411.4297808798185
84.82864470221102,823.6523261967025
82.94967667432502,581.9460956414258
73.75926891108975,824.0146187442365
75.52720993524417,702.0044203283887
69.82917950255796,469.5523641278029
36.11484318040311,550.506492740036
76.60451386356726,852.3484029605105
34.985257466323674,312.70166934877045
17.817987941671163,156.57143179373253
67.2935202694498,449.9142489860368
47.91920997668058,547.131132342551
42.53116925014183,361.198996870239
75.8927356172353,879.0236797730239
96.1453467560932,965.5439937891331
98.26208571903408,969.5838272042498
43.12855662545189,449.75799339183294
44.2067179386504,392.2239068048647
17.56477450253442,183.91774278657525
64.96650900691748,586.809079400824
53.059568942990154,795.1919353848638
77.97852385789156,775.7690509416726
38.332896176725626,330.3366347817632
56.6640025540255,544.1192215561608
16.65711174486205,180.9445711955619
59.04967270093039,475.06530770074346
45.82852741703391,535.5231513873937
85.61913044424728,921.4485553122761
84.1449800087139,792.7200083199737
32.309907362796366,416.04026424713004
47.48407673789188,388.4967106533666
19.071191388648003,181.25684710246472
57.125932129565626,562.1598661496823
16.38616573996842,163.9425284015008
29.101430624723434,418.9606859819366
43.92642338760197,528.4113588861748
70.55019829422235,734.611074260135
13.980012547690421,144.1720812660667
71.35667299851775,608.4203590047026
17.958292681723833,212.71766589289177
76.03271107422188,719.1328994399039
22.168942850548774,154.90935615571914
65.52139455918223,699.5367597478313
22.2189071867615,191.45303416617875
91.80361018050462,823.643558926901
89.91234072484076,753.4275221174489
71.69603247428313,845.3296013580234
66.66679935529828,569.9834766550902
77.57426540134475,937.1412582911047
92.59995948290452,1436.0533643240044
42.40632539149374,422.580503314621
82.75677681202069,820.018173378382
29.187356426846236,223.41422558606052
22.590033614542335,255.92061015282437
36.865670680999756,449.5212071096555
72.09908668184653,696.1762630721436
71.69134527212009,738.807748202112
86.83697217144072,815.547556266323
63.1511589535512,683.6789066273356
19.109493102878332,211.24625382497462
12.253317444119602,206.36935552586738
48.0896582826972,457.7406737847008
23.018619706854224,289.103408936247
18.78811228554696,170.46231264714862
51.63930553244427,532.2332254057709
60.0771445594728,666.9831920592031
65.61851043254137,617.2802518035368
90.68268961505964,954.9429503387354
88.27625749399886,1120.4461646565383
39.974707369692624,279.68220381016823
96.30827620159835,822.1606608387373
13.07561167050153,154.11711938136293
99.98347245855257,1253.3196870418894
67.40063351113349,725.1354482799337
69.59926303941756,735.2651941967699
17.988095586188138,206.74896747114164
18.00567197613418,121.47878438865189
78.4387523890473,988.6649842176342
26.232179482467473,292.8353010210004
40.65186286577955,413.9820404874871
14.594372459687293,108.69296909170097
39.50040778145194,440.6544818230482
37.02473282115534,329.09074629272965
23.401135213207453,309.7893981997272
89.84879311639816,602.7607568070032
43.38936228770763,460.57645061402565
99.64471740182489,866.3553183280616
44.979110944550484,387.0548616806399
22.034315383061767,202.2186091349304
70.05566984182224,953.9784938231184
63.393911567982286,357.3379974498594
44.127159072086215,308.96396554840703
92.30269304476678,1053.7108922495397
52.96757126925513,635.3225113713262
29.27066726377234,346.88246056136813
79.15401413338259,765.6341757401664
93.46533486852422,814.5554670135645
58.4884487115778,654.1505230643272
13.16357655916363,157.85946019620812
95.36890784744173,645.7521666262865
42.42287114262581,405.69897204657013
74.1221668664366,826.4082086104955
34.68695351621136,239.11491043796747
91.73522325931117,889.3872024268185
11.36974920053035,114.63359552042407
45.11711256811395,353.91693656684424
31.12715414725244,349.4456876652262
19.236308406107128,210.349603194509
42.97121325740591,335.711279190573
46.14606990944594,542.2870765832508
39.85225084470585,360.77730481726337
55.64583527855575,392.7350852058498
99.12929602898657,803.8940089760245
68.224620022811,841.4194695012745
62.761135189794004,752.7332092120731
80.82878223620355,693.3185463943746
88.35632709087804,809.4770606178452
28.023790707811713,226.86472831486017
45.36084909224883,424.70381231999517
11.233945374842733,103.47578002806839
72.56475758273154,648.4266713678624
21.66833267780021,193.14548110176338
42.093660433311015,355.80006439382225
18.09189324034378,189.62601887894064
13.335719853639603,135.244330618133
95.11890819761902,388.1616211671668
21.890161002520472,140.9678238018467
79.45209246361628,797.1523136143799
31.42010753042996,301.60768884874335
82.51109706936404,802.9280681674627
92.84304582281038,657.2144178603601
68.82724455790594,575.4800922032492
68.44082463532686,576.3195589720119
72.51989376032725,815.2542499437546
35.435762675479054,351.01720219520496
50.610851063393056,483.19660380276605
32.53004482714459,300.3671846315883
58.319490959402174,549.8661623651059
33.04297591559589,388.1971493047371
42.419493466150016,536.4846126010724
52.43539677700028,658.5370457476961
42.35972433583811,490.46012699980196
38.053232384845614,479.9956309857791
86.33433523355052,905.8959677281291
44.32349903509021,497.47548005732074
